k-means,lwea_with_known_n_clusters,monti,monti_fixed,monti_hierarchical,mv
[  7.62530098e-01   7.10161003e+02   1.40724581e-01   1.77123560e-01],[  7.62530098e-01   7.10161003e+02   1.40724581e-01   1.77123560e-01],[  7.62530098e-01   7.10161003e+02   1.40724581e-01   1.77123560e-01],[  7.62530098e-01   7.10161003e+02   1.40724581e-01   1.77123560e-01],[  7.62530098e-01   7.10161003e+02   1.40724581e-01   1.77123560e-01],[  3.02032768e-01   3.02037475e+02   2.55125007e-02   8.94425728e-01]
[  8.62796885e-01   2.26129747e+03   1.00112691e-01   0.00000000e+00],[  8.62796885e-01   2.26129747e+03   1.00112691e-01   0.00000000e+00],[  8.62796885e-01   2.26129747e+03   1.00112691e-01   0.00000000e+00],[  8.62796885e-01   2.26129747e+03   1.00112691e-01   0.00000000e+00],[  8.62796885e-01   2.26129747e+03   1.00112691e-01   0.00000000e+00],[  5.90701304e-01   1.36987362e+03   1.02700213e-01   1.99041204e-01]
[  8.11652318e-01   1.22769196e+03   1.44302054e-01   0.00000000e+00],[  8.11652318e-01   1.22769196e+03   1.44302054e-01   0.00000000e+00],[  8.11652318e-01   1.22769196e+03   1.44302054e-01   0.00000000e+00],[  8.11652318e-01   1.22769196e+03   1.44302054e-01   0.00000000e+00],[  8.11652318e-01   1.22769196e+03   1.44302054e-01   0.00000000e+00],[  6.80749697e-01   9.89476015e+02   1.33332407e-01   1.67471575e-02]
[  8.45967157e-01   1.89253384e+03   1.49143109e-01   0.00000000e+00],[  8.45967157e-01   1.89253384e+03   1.49143109e-01   0.00000000e+00],[  8.45967157e-01   1.89253384e+03   1.49143109e-01   0.00000000e+00],[  8.45967157e-01   1.89253384e+03   1.49143109e-01   0.00000000e+00],[  8.45967157e-01   1.89253384e+03   1.49143109e-01   0.00000000e+00],[  3.35534865e-01   8.90166246e+02   1.11277969e-01   3.90732647e-02]
[  7.41127652e-01   6.59437424e+02   1.92627415e-01   0.00000000e+00],[  7.41127652e-01   6.59437424e+02   1.92627415e-01   0.00000000e+00],[  7.41127652e-01   6.59437424e+02   1.92627415e-01   0.00000000e+00],[  7.41127652e-01   6.59437424e+02   1.92627415e-01   0.00000000e+00],[  7.41127652e-01   6.59437424e+02   1.92627415e-01   0.00000000e+00],[  5.64646055e-01   4.58508668e+02   1.40546962e-01   1.09330990e-01]
[  8.04524084e-01   1.18307497e+03   5.52529428e-02   0.00000000e+00],[  8.04524084e-01   1.18307497e+03   5.52529428e-02   0.00000000e+00],[  8.04524084e-01   1.18307497e+03   5.52529428e-02   0.00000000e+00],[  8.04524084e-01   1.18307497e+03   5.52529428e-02   0.00000000e+00],[  8.04524084e-01   1.18307497e+03   5.52529428e-02   0.00000000e+00],[  6.69086086e-01   9.66455478e+02   8.17542710e-02   1.98769765e-01]
[  7.84942944e-01   9.85717579e+02   9.38196093e-02   0.00000000e+00],[  7.84942944e-01   9.85717579e+02   9.38196093e-02   0.00000000e+00],[  7.84942944e-01   9.85717579e+02   9.38196093e-02   0.00000000e+00],[  7.84942944e-01   9.85717579e+02   9.38196093e-02   0.00000000e+00],[  7.84942944e-01   9.85717579e+02   9.38196093e-02   0.00000000e+00],[  5.54051106e-01   7.41449879e+02   9.66777105e-02   1.74096440e-03]
[  8.50083165e-01   2.07097786e+03   1.28086526e-01   0.00000000e+00],[  8.50083165e-01   2.07097786e+03   1.28086526e-01   0.00000000e+00],[  8.50083165e-01   2.07097786e+03   1.28086526e-01   0.00000000e+00],[  8.50083165e-01   2.07097786e+03   1.28086526e-01   0.00000000e+00],[  8.50083165e-01   2.07097786e+03   1.28086526e-01   0.00000000e+00],[  5.18534152e-01   1.11043943e+03   1.21097860e-01   0.00000000e+00]
[  7.68067101e-01   1.54419089e+03   3.60797046e-02   6.50149471e-02],[  7.68067101e-01   1.54419089e+03   3.60797046e-02   6.50149471e-02],[  6.52812474e-01   3.99176490e+02   8.36990954e-02   4.78011586e+00],[  7.68067101e-01   1.54419089e+03   3.60797046e-02   6.50149471e-02],[  6.52812474e-01   3.99176490e+02   8.36990954e-02   4.78011586e+00],[  6.45624297e-01   1.22964766e+03   3.73049294e-02   3.41253309e-01]
[  8.05597368e-01   1.26379834e+03   1.06607257e-01   0.00000000e+00],[  8.05597368e-01   1.26379834e+03   1.06607257e-01   0.00000000e+00],[  5.88464481e-01   1.87757824e+02   5.00164809e-02   4.76110872e+00],[  8.05597368e-01   1.26379834e+03   1.06607257e-01   0.00000000e+00],[  5.88464481e-01   1.87757824e+02   5.00164809e-02   4.76110872e+00],[  8.05597368e-01   1.26379834e+03   1.06607257e-01   0.00000000e+00]
[  8.10673874e-01   2.34178409e+03   1.04430751e-01   0.00000000e+00],[  8.10673874e-01   2.34178409e+03   1.04430751e-01   0.00000000e+00],[  7.33160388e-01   5.45940831e+02   6.00849536e-02   2.26207086e+00],[  8.10673874e-01   2.34178409e+03   1.04430751e-01   0.00000000e+00],[  7.33160388e-01   5.45940831e+02   6.00849536e-02   2.26207086e+00],[  8.10673874e-01   2.34178409e+03   1.04430751e-01   0.00000000e+00]
[  8.28565230e-01   1.80235818e+03   9.94515428e-02   0.00000000e+00],[  8.28565230e-01   1.80235818e+03   9.94515428e-02   0.00000000e+00],[  6.13739263e-01   2.06561589e+02   5.76066242e-02   3.56023638e+00],[  8.28565230e-01   1.80235818e+03   9.94515428e-02   0.00000000e+00],[  6.13739263e-01   2.06561589e+02   5.76066242e-02   3.56023638e+00],[  8.28565230e-01   1.80235818e+03   9.94515428e-02   0.00000000e+00]
[  8.31451024e-01   2.05494988e+03   1.21910981e-01   0.00000000e+00],[  8.31451024e-01   2.05494988e+03   1.21910981e-01   0.00000000e+00],[  6.36604701e-01   2.42257045e+02   4.68330684e-02   2.73158503e+00],[  8.31451024e-01   2.05494988e+03   1.21910981e-01   0.00000000e+00],[  6.36604701e-01   2.42257045e+02   4.68330684e-02   2.73158503e+00],[  8.31451024e-01   2.05494988e+03   1.21910981e-01   0.00000000e+00]
[  8.18601339e-01   1.80697730e+03   1.09816678e-01   0.00000000e+00],[  8.18601339e-01   1.80697730e+03   1.09816678e-01   0.00000000e+00],[  6.24040178e-01   2.35231285e+02   6.11811825e-02   2.56517997e+00],[  8.18601339e-01   1.80697730e+03   1.09816678e-01   0.00000000e+00],[  6.24040178e-01   2.35231285e+02   6.11811825e-02   2.56517997e+00],[  8.18601339e-01   1.80697730e+03   1.09816678e-01   0.00000000e+00]
[  8.28435695e-01   2.01917010e+03   1.45439225e-01   0.00000000e+00],[  8.28435695e-01   2.01917010e+03   1.45439225e-01   0.00000000e+00],[  6.51335005e-01   2.66836833e+02   5.69975297e-02   2.22364642e+00],[  8.28435695e-01   2.01917010e+03   1.45439225e-01   0.00000000e+00],[  6.51335005e-01   2.66836833e+02   5.69975297e-02   2.22364642e+00],[  8.28435695e-01   2.01917010e+03   1.45439225e-01   0.00000000e+00]
[  7.86439736e-01   1.30590167e+03   1.25642523e-01   0.00000000e+00],[  7.86439736e-01   1.30590167e+03   1.25642523e-01   0.00000000e+00],[  6.34216312e-01   2.68560042e+02   5.06808103e-02   2.11789176e+00],[  7.86439736e-01   1.30590167e+03   1.25642523e-01   0.00000000e+00],[  6.34216312e-01   2.68560042e+02   5.06808103e-02   2.11789176e+00],[  7.86439736e-01   1.30590167e+03   1.25642523e-01   0.00000000e+00]
[  6.28389328e-01   2.20150208e+03   1.78973084e-02   9.26333763e-01],[  6.28389328e-01   2.20150208e+03   1.78973084e-02   9.26333763e-01],[  6.58779735e-01   3.26856977e+02   2.94111757e-03   2.55839940e+00],[  6.30637569e-01   2.20086940e+03   1.78973084e-02   7.94451753e-01],[  6.58779735e-01   3.26856977e+02   2.94111757e-03   2.55839940e+00],[  8.01946416e-01   2.20578476e+03   1.03158169e-02   1.69744413e-01]
[  5.94439793e-01   1.22253780e+03   9.06116381e-02   8.27203568e-01],[  5.94439793e-01   1.22253780e+03   9.06116381e-02   8.27203568e-01],[  6.86266418e-01   7.40510821e+02   3.63153554e-02   8.25078707e-01],[  5.94439793e-01   1.22253780e+03   9.06116381e-02   8.27203568e-01],[  6.86266418e-01   7.40510821e+02   3.63153554e-02   8.25078707e-01],[  6.79356357e-01   1.10918616e+03   7.05474286e-02   2.52393721e-01]
[  6.99200112e-01   1.23781440e+03   3.01637532e-02   2.61810177e-01],[  6.99200112e-01   1.23781440e+03   3.01637532e-02   2.61810177e-01],[  6.04966414e-01   2.67801932e+02   2.14205292e-02   8.69453085e+00],[  6.99200112e-01   1.23781440e+03   3.01637532e-02   2.61810177e-01],[  6.04966414e-01   2.67801932e+02   2.14205292e-02   8.69453085e+00],[  6.99200112e-01   1.23781440e+03   3.01637532e-02   2.61810177e-01]
[  7.92640493e-01   1.85643791e+03   7.55183929e-02   0.00000000e+00],[  7.92640493e-01   1.85643791e+03   7.55183929e-02   0.00000000e+00],[  6.06158521e-01   2.84173128e+02   4.27562052e-02   6.33466806e+00],[  7.92640493e-01   1.85643791e+03   7.55183929e-02   0.00000000e+00],[  6.06158521e-01   2.84173128e+02   4.27562052e-02   6.33466806e+00],[  7.92640493e-01   1.85643791e+03   7.55183929e-02   0.00000000e+00]
[  7.98624047e-01   2.22274362e+03   1.27961250e-01   0.00000000e+00],[  7.98624047e-01   2.22274362e+03   1.27961250e-01   0.00000000e+00],[  5.27817015e-01   1.70302379e+02   4.14707455e-02   7.29632347e+00],[  7.98624047e-01   2.22274362e+03   1.27961250e-01   0.00000000e+00],[  5.27817015e-01   1.70302379e+02   4.14707455e-02   7.29632347e+00],[  7.98624047e-01   2.22274362e+03   1.27961250e-01   0.00000000e+00]
[  8.01355255e-01   1.98987135e+03   7.96063611e-02   0.00000000e+00],[  8.01355255e-01   1.98987135e+03   7.96063611e-02   0.00000000e+00],[  5.33188579e-01   1.87021002e+02   3.43129083e-02   6.40353251e+00],[  8.01355255e-01   1.98987135e+03   7.96063611e-02   0.00000000e+00],[  5.33188579e-01   1.87021002e+02   3.43129083e-02   6.40353251e+00],[  8.01355255e-01   1.98987135e+03   7.96063611e-02   0.00000000e+00]
[  7.92526902e-01   1.64182739e+03   1.06079091e-01   0.00000000e+00],[  7.92526902e-01   1.64182739e+03   1.06079091e-01   0.00000000e+00],[  5.11023193e-01   1.96185610e+02   5.23604738e-02   1.96308244e+00],[  7.92526902e-01   1.64182739e+03   1.06079091e-01   0.00000000e+00],[  5.11023193e-01   1.96185610e+02   5.23604738e-02   1.96308244e+00],[  7.92526902e-01   1.64182739e+03   1.06079091e-01   0.00000000e+00]
[  7.84262710e-01   2.06134416e+03   1.13279642e-01   0.00000000e+00],[  7.84262710e-01   2.06134416e+03   1.13279642e-01   0.00000000e+00],[  5.64795100e-01   2.45503426e+02   4.29553580e-02   1.19806476e+00],[  7.84262710e-01   2.06134416e+03   1.13279642e-01   0.00000000e+00],[  5.64795100e-01   2.45503426e+02   4.29553580e-02   1.19806476e+00],[  7.84262710e-01   2.06134416e+03   1.13279642e-01   0.00000000e+00]
[  6.28952152e-01   3.03286004e+03   2.82819831e-02   6.99319877e-01],[  6.28952152e-01   3.03286004e+03   2.82819831e-02   6.99319877e-01],[  6.38049286e-01   4.01636906e+02   1.90277064e-02   4.57853607e+00],[  6.28952152e-01   3.03286004e+03   2.82819831e-02   6.99319877e-01],[  6.38049286e-01   4.01636906e+02   1.90277064e-02   4.57853607e+00],[  7.28408784e-01   2.10637614e+03   2.25109354e-02   2.81516683e-01]
[  8.16905481e-01   2.19063527e+03   5.39201632e-02   0.00000000e+00],[  8.16905481e-01   2.19063527e+03   5.39201632e-02   0.00000000e+00],[  4.54953980e-01   1.89174643e+02   1.61648020e-02   8.54730166e+00],[  8.16905481e-01   2.19063527e+03   5.39201632e-02   0.00000000e+00],[  4.49232954e-01   1.90136591e+02   1.72576118e-02   6.73654900e+00],[  7.94872694e-01   2.12717378e+03   5.39201632e-02   4.72226299e-02]
[  6.95796642e-01   1.17450532e+03   7.69482362e-02   1.54795316e-01],[  6.95796642e-01   1.17450532e+03   7.69482362e-02   1.54795316e-01],[  5.48297887e-01   3.46485839e+02   2.13197072e-02   5.23753549e+00],[  6.95796642e-01   1.17450532e+03   7.69482362e-02   1.54795316e-01],[  5.48297887e-01   3.46485839e+02   2.13197072e-02   5.23753549e+00],[  6.95796642e-01   1.17450532e+03   7.69482362e-02   1.54795316e-01]
[  6.58981478e-01   1.29516431e+03   1.22579898e-01   3.75947635e-01],[  6.58981478e-01   1.29516431e+03   1.22579898e-01   3.75947635e-01],[  5.90142732e-01   4.59299718e+02   4.56737130e-02   3.85316098e+00],[  6.58981478e-01   1.29516431e+03   1.22579898e-01   3.75947635e-01],[  5.90142732e-01   4.59299718e+02   4.56737130e-02   3.85316098e+00],[  6.58981478e-01   1.29516431e+03   1.22579898e-01   3.75947635e-01]
[  8.09804289e-01   1.90369461e+03   1.00644808e-01   0.00000000e+00],[  8.09804289e-01   1.90369461e+03   1.00644808e-01   0.00000000e+00],[  4.84548649e-01   1.79210008e+02   3.20402731e-02   1.35663615e+01],[  8.09804289e-01   1.90369461e+03   1.00644808e-01   0.00000000e+00],[  4.84548649e-01   1.79210008e+02   3.20402731e-02   1.35663615e+01],[  8.09804289e-01   1.90369461e+03   1.00644808e-01   0.00000000e+00]
[  7.62598613e-01   1.63011393e+03   8.19026433e-02   1.75126765e-02],[  7.62598613e-01   1.63011393e+03   8.19026433e-02   1.75126765e-02],[  4.79155084e-01   2.12927446e+02   4.13621477e-02   4.31207444e+00],[  7.62598613e-01   1.63011393e+03   8.19026433e-02   1.75126765e-02],[  4.79155084e-01   2.12927446e+02   4.13621477e-02   4.31207444e+00],[  7.62598613e-01   1.63011393e+03   8.19026433e-02   1.75126765e-02]
[  8.06735090e-01   1.95392338e+03   1.04999044e-01   0.00000000e+00],[  8.06735090e-01   1.95392338e+03   1.04999044e-01   0.00000000e+00],[  4.38718096e-01   1.71911648e+02   3.15730611e-02   4.47062437e+00],[  8.06735090e-01   1.95392338e+03   1.04999044e-01   0.00000000e+00],[  4.38718096e-01   1.71911648e+02   3.15730611e-02   4.47062437e+00],[  8.06735090e-01   1.95392338e+03   1.04999044e-01   0.00000000e+00]
[  8.05288472e-01   1.85620926e+03   9.16697280e-02   0.00000000e+00],[  8.05288472e-01   1.85620926e+03   9.16697280e-02   0.00000000e+00],[  4.29811418e-01   1.51689030e+02   4.13684018e-02   4.09461489e+00],[  8.05288472e-01   1.85620926e+03   9.16697280e-02   0.00000000e+00],[  4.29811418e-01   1.51689030e+02   4.13684018e-02   4.09461489e+00],[  8.05288472e-01   1.85620926e+03   9.16697280e-02   0.00000000e+00]
[  6.86760636e-01   2.82384478e+03   3.45498870e-02   5.50546879e-01],[  6.86760636e-01   2.82384478e+03   3.45498870e-02   5.50546879e-01],[  5.94497754e-01   3.82419266e+02   4.54110147e-03   8.11164350e+00],[  6.86760636e-01   2.82384478e+03   3.45498870e-02   5.50546879e-01],[  5.94497754e-01   3.82419266e+02   4.54110147e-03   8.11164350e+00],[  6.86760636e-01   2.82384478e+03   3.45498870e-02   5.50546879e-01]
[  7.26801295e-01   1.82693321e+03   6.48337529e-02   1.49275222e-01],[  7.26801295e-01   1.82693321e+03   6.48337529e-02   1.49275222e-01],[  5.66641597e-01   2.94078207e+02   2.63419999e-02   2.39674588e+01],[  7.26801295e-01   1.82693321e+03   6.48337529e-02   1.49275222e-01],[  5.66641597e-01   2.94078207e+02   2.63419999e-02   2.39674588e+01],[  7.26801295e-01   1.82693321e+03   6.48337529e-02   1.49275222e-01]
[  7.25698039e-01   1.31190220e+03   4.64795988e-02   7.51792905e-02],[  7.25698039e-01   1.31190220e+03   4.64795988e-02   7.51792905e-02],[  4.38357762e-01   2.26693717e+02   3.43105716e-02   1.12614196e+01],[  7.25698039e-01   1.31190220e+03   4.64795988e-02   7.51792905e-02],[  4.38357762e-01   2.26693717e+02   3.43105716e-02   1.12614196e+01],[  7.25698039e-01   1.31190220e+03   4.64795988e-02   7.51792905e-02]
[  7.35821259e-01   1.28839857e+03   5.33419506e-02   5.56605183e-02],[  7.35821259e-01   1.28839857e+03   5.33419506e-02   5.56605183e-02],[  4.31156107e-01   1.52963030e+02   4.02464598e-02   2.87547511e+01],[  7.35821259e-01   1.28839857e+03   5.33419506e-02   5.56605183e-02],[  4.31156107e-01   1.52963030e+02   4.02464598e-02   2.87547511e+01],[  7.35821259e-01   1.28839857e+03   5.33419506e-02   5.56605183e-02]
[  7.92523780e-01   2.03343230e+03   8.77617187e-02   0.00000000e+00],[  7.92523780e-01   2.03343230e+03   8.77617187e-02   0.00000000e+00],[  4.72963007e-01   2.67945688e+02   4.71313546e-02   6.68424666e+00],[  7.92523780e-01   2.03343230e+03   8.77617187e-02   0.00000000e+00],[  4.72963007e-01   2.67945688e+02   4.71313546e-02   6.68424666e+00],[  7.92523780e-01   2.03343230e+03   8.77617187e-02   0.00000000e+00]
[  6.57646528e-01   1.21810385e+03   8.92894704e-02   5.00704954e-01],[  6.57646528e-01   1.21810385e+03   8.92894704e-02   5.00704954e-01],[  4.52560399e-01   2.01019869e+02   4.82960669e-02   7.20731237e+00],[  6.57646528e-01   1.21810385e+03   8.92894704e-02   5.00704954e-01],[  4.52560399e-01   2.01019869e+02   4.82960669e-02   7.20731237e+00],[  6.57646528e-01   1.21810385e+03   8.92894704e-02   5.00704954e-01]
[  7.94810501e-01   1.71849124e+03   1.08630845e-01   0.00000000e+00],[  7.94810501e-01   1.71849124e+03   1.08630845e-01   0.00000000e+00],[  3.69814130e-01   1.49660887e+02   3.89194570e-02   9.05413610e+00],[  7.94810501e-01   1.71849124e+03   1.08630845e-01   0.00000000e+00],[  3.67953246e-01   1.49873629e+02   3.82699951e-02   8.97507092e+00],[  7.94810501e-01   1.71849124e+03   1.08630845e-01   0.00000000e+00]
[  7.12705843e-01   1.62913936e+03   1.10646360e-01   2.30514050e-01],[  7.12705843e-01   1.62913936e+03   1.10646360e-01   2.30514050e-01],[  4.46174938e-01   2.08553803e+02   3.90522248e-02   7.42309837e+00],[  7.12705843e-01   1.62913936e+03   1.10646360e-01   2.30514050e-01],[  4.46174938e-01   2.08553803e+02   3.90522248e-02   7.42309837e+00],[  7.12705843e-01   1.62913936e+03   1.10646360e-01   2.30514050e-01]
[  4.97850990e-01   2.74820282e+03   3.95558814e-02   1.69843297e+00],[  4.98595095e-01   2.75279128e+03   4.48774241e-02   1.67796244e+00],[  6.54523820e-01   6.12232814e+02   1.52723773e-02   1.14788621e+01],[  4.98421999e-01   2.75053852e+03   4.29406562e-02   1.66380560e+00],[  6.54523820e-01   6.12232814e+02   1.52723773e-02   1.14788621e+01],[  7.05531732e-01   2.02868139e+03   3.02600376e-02   1.95778697e-01]
[  6.95298799e-01   1.74460034e+03   1.34199947e-02   4.42508924e-01],[  6.95298799e-01   1.74460034e+03   1.34199947e-02   4.42508924e-01],[  5.40615633e-01   2.51875405e+02   4.79506893e-02   3.06839313e+01],[  6.95298799e-01   1.74460034e+03   1.34199947e-02   4.42508924e-01],[  5.40615633e-01   2.51875405e+02   4.79506893e-02   3.06839313e+01],[  6.95298799e-01   1.74460034e+03   1.34199947e-02   4.42508924e-01]
[  7.17526546e-01   2.29701294e+03   7.39777438e-02   2.45039178e-01],[  7.17526546e-01   2.29701294e+03   7.39777438e-02   2.45039178e-01],[  4.71483725e-01   3.34009233e+02   4.77551439e-02   5.69522864e+00],[  7.17526546e-01   2.29701294e+03   7.39777438e-02   2.45039178e-01],[  4.71483725e-01   3.34009233e+02   4.77551439e-02   5.69522864e+00],[  7.17526546e-01   2.29701294e+03   7.39777438e-02   2.45039178e-01]
[  6.78349178e-01   1.60353525e+03   3.99736019e-02   2.50152899e-01],[  6.78349178e-01   1.60353525e+03   3.99736019e-02   2.50152899e-01],[  4.87865016e-01   3.39475362e+02   2.31662347e-02   1.21151557e+01],[  6.78349178e-01   1.60353525e+03   3.99736019e-02   2.50152899e-01],[  4.87865016e-01   3.39475362e+02   2.31662347e-02   1.21151557e+01],[  6.78349178e-01   1.60353525e+03   3.99736019e-02   2.50152899e-01]
[  7.87587107e-01   1.79727927e+03   7.37628810e-02   0.00000000e+00],[  7.87587107e-01   1.79727927e+03   7.37628810e-02   0.00000000e+00],[  3.61885563e-01   1.62535838e+02   1.59635248e-02   7.60947954e+00],[  7.87587107e-01   1.79727927e+03   7.37628810e-02   0.00000000e+00],[  3.61457830e-01   1.62298780e+02   1.98777217e-02   7.58309988e+00],[  7.87587107e-01   1.79727927e+03   7.37628810e-02   0.00000000e+00]
[  7.62661244e-01   1.76921943e+03   9.21927799e-02   4.02624534e-03],[  7.62661244e-01   1.76921943e+03   9.21927799e-02   4.02624534e-03],[  3.96973496e-01   1.78745609e+02   2.89306945e-02   1.13970263e+01],[  7.62661244e-01   1.76921943e+03   9.21927799e-02   4.02624534e-03],[  3.96973496e-01   1.78745609e+02   2.89306945e-02   1.13970263e+01],[  7.62661244e-01   1.76921943e+03   9.21927799e-02   4.02624534e-03]
[  7.92101022e-01   2.42512629e+03   9.35596695e-02   0.00000000e+00],[  7.92101022e-01   2.42512629e+03   9.35596695e-02   0.00000000e+00],[  3.89494503e-01   2.06474146e+02   3.52742797e-02   5.09983076e+00],[  7.92101022e-01   2.42512629e+03   9.35596695e-02   0.00000000e+00],[  3.89494503e-01   2.06474146e+02   3.52742797e-02   5.09983076e+00],[  7.92101022e-01   2.42512629e+03   9.35596695e-02   0.00000000e+00]
[  7.65542275e-01   1.48461773e+03   1.08935684e-01   0.00000000e+00],[  7.65542275e-01   1.48461773e+03   1.08935684e-01   0.00000000e+00],[  3.21237453e-01   1.46181642e+02   3.44605290e-02   7.27151515e+00],[  7.65542275e-01   1.48461773e+03   1.08935684e-01   0.00000000e+00],[  3.21237453e-01   1.46181642e+02   3.44605290e-02   7.27151515e+00],[  7.65542275e-01   1.48461773e+03   1.08935684e-01   0.00000000e+00]
[  5.76991101e-01   2.51036081e+03   1.13404807e-02   1.30595382e+00],[  5.76991942e-01   2.51015501e+03   1.26659512e-02   1.30595056e+00],[  5.48305032e-01   4.22727912e+02   2.34013056e-02   9.01606726e+00],[  5.76987263e-01   2.50988573e+03   1.13071215e-02   1.30459146e+00],[  5.48305032e-01   4.22727912e+02   2.34013056e-02   9.01606726e+00],[  6.33734388e-01   1.71799338e+03   2.67651216e-02   2.34189090e-01]
[  6.03850121e-01   1.96586179e+03   2.91295792e-02   9.67847739e-01],[  6.03850121e-01   1.96586179e+03   2.91295792e-02   9.67847739e-01],[  4.82351308e-01   3.22598256e+02   3.39484949e-02   5.32566530e+00],[  6.03854638e-01   1.96582814e+03   2.87989549e-02   9.65564701e-01],[  4.82351308e-01   3.22598256e+02   3.39484949e-02   5.32566530e+00],[  6.55048848e-01   1.87918763e+03   4.26645749e-02   6.09764459e-01]
[  6.80613890e-01   1.58452813e+03   5.17836440e-02   4.28671015e-01],[  6.80613890e-01   1.58452813e+03   5.17836440e-02   4.28671015e-01],[  3.93208548e-01   2.21474387e+02   3.60013611e-02   1.19261246e+01],[  6.80613890e-01   1.58452813e+03   5.17836440e-02   4.28671015e-01],[  3.93208548e-01   2.21474387e+02   3.60013611e-02   1.19261246e+01],[  6.87971907e-01   1.53752181e+03   4.52977562e-02   3.67912629e-01]
[  7.05385438e-01   1.82561913e+03   6.17683001e-02   6.68497269e-02],[  7.05385438e-01   1.82561913e+03   6.17683001e-02   6.68497269e-02],[  4.48270318e-01   3.56388539e+02   4.29484335e-02   6.13721929e+00],[  7.05385438e-01   1.82561913e+03   6.17683001e-02   6.68497269e-02],[  4.48270318e-01   3.56388539e+02   4.29484335e-02   6.13721929e+00],[  7.05385438e-01   1.82561913e+03   6.17683001e-02   6.68497269e-02]
[  7.07627936e-01   1.73512030e+03   8.99976302e-02   9.76627718e-02],[  7.07627936e-01   1.73512030e+03   8.99976302e-02   9.76627718e-02],[  4.25496084e-01   3.01039431e+02   3.29110246e-02   6.03150000e+00],[  7.07627936e-01   1.73512030e+03   8.99976302e-02   9.76627718e-02],[  4.25496084e-01   3.01039431e+02   3.29110246e-02   6.03150000e+00],[  7.07627936e-01   1.73512030e+03   8.99976302e-02   9.76627718e-02]
[  7.57370877e-01   1.95817204e+03   6.99937382e-02   2.99673764e-03],[  7.57370877e-01   1.95817204e+03   6.99937382e-02   2.99673764e-03],[  3.67914893e-01   2.15521862e+02   1.95071407e-02   6.01143672e+00],[  7.57370877e-01   1.95817204e+03   6.99937382e-02   2.99673764e-03],[  3.67914893e-01   2.15521862e+02   1.95071407e-02   6.01143672e+00],[  7.57370877e-01   1.95817204e+03   6.99937382e-02   2.99673764e-03]
[  7.78422596e-01   1.54680250e+03   5.97589895e-02   0.00000000e+00],[  7.78422596e-01   1.54680250e+03   5.97589895e-02   0.00000000e+00],[  3.06023563e-01   1.40146835e+02   4.08243885e-02   1.25194453e+01],[  7.78422596e-01   1.54680250e+03   5.97589895e-02   0.00000000e+00],[  2.76772700e-01   1.23629235e+02   3.23663749e-02   9.38724818e+00],[  7.78422596e-01   1.54680250e+03   5.97589895e-02   0.00000000e+00]
[  7.51821753e-01   1.63388527e+03   1.02105211e-01   3.25546860e-03],[  7.51821753e-01   1.63388527e+03   1.02105211e-01   3.25546860e-03],[  3.42309437e-01   1.87027431e+02   3.37778547e-02   6.03346475e+00],[  7.51821753e-01   1.63388527e+03   1.02105211e-01   3.25546860e-03],[  3.42309437e-01   1.87027431e+02   3.37778547e-02   6.03346475e+00],[  7.51821753e-01   1.63388527e+03   1.02105211e-01   3.25546860e-03]
[  5.86772127e-01   2.76398817e+03   1.09643671e-02   1.29246196e+00],[  5.87066875e-01   2.76533236e+03   9.83320685e-03   1.27060945e+00],[  5.36983992e-01   5.09727207e+02   4.62170352e-03   7.67148131e+00],[  5.86899867e-01   2.76488648e+03   1.08195790e-02   1.27362829e+00],[  5.36983992e-01   5.09727207e+02   4.62170352e-03   7.67148131e+00],[  6.85479963e-01   2.40484235e+03   1.49100793e-02   4.55800949e-01]
[  5.78990935e-01   1.65572795e+03   1.85641556e-02   9.62614310e-01],[  5.82672920e-01   1.65899840e+03   2.36268734e-02   9.01277842e-01],[  4.08210684e-01   3.32474745e+02   1.15683000e-02   1.12871559e+01],[  5.78038328e-01   1.65455330e+03   2.36268734e-02   1.14651243e+00],[  4.08210684e-01   3.32474745e+02   1.15683000e-02   1.12871559e+01],[  6.84501000e-01   1.78866039e+03   1.98768034e-02   4.27871140e-01]
[  6.74721535e-01   2.18553281e+03   3.82025579e-02   3.40736820e-01],[  6.74721535e-01   2.18553281e+03   3.82025579e-02   3.40736820e-01],[  4.98324164e-01   5.04645170e+02   3.71863874e-02   7.62109394e+00],[  6.74721535e-01   2.18553281e+03   3.82025579e-02   3.40736820e-01],[  4.98324164e-01   5.04645170e+02   3.71863874e-02   7.62109394e+00],[  6.67435528e-01   1.85673653e+03   2.64046284e-02   3.69937437e-01]
[  6.04484041e-01   1.15280029e+03   5.93091714e-02   6.86765985e-01],[  6.04484041e-01   1.15280029e+03   5.93091714e-02   6.86765985e-01],[  3.92488775e-01   2.64732791e+02   4.78382959e-02   9.87607167e+00],[  6.04484041e-01   1.15280029e+03   5.93091714e-02   6.86765985e-01],[  3.92488775e-01   2.64732791e+02   4.78382959e-02   9.87607167e+00],[  6.34637982e-01   1.10046511e+03   4.48017909e-02   4.45054493e-01]
[  7.33289861e-01   1.74022848e+03   6.21143566e-02   4.05736462e-02],[  7.33289861e-01   1.74022848e+03   6.21143566e-02   4.05736462e-02],[  3.72380473e-01   2.64760497e+02   3.24184938e-02   8.73042107e+00],[  7.33289861e-01   1.74022848e+03   6.21143566e-02   4.05736462e-02],[  3.72218370e-01   2.64760222e+02   3.25276354e-02   8.71392786e+00],[  7.33289861e-01   1.74022848e+03   6.21143566e-02   4.05736462e-02]
[  7.51309355e-01   1.60204415e+03   7.02283452e-02   8.61656245e-03],[  7.51309355e-01   1.60204415e+03   7.02283452e-02   8.61656245e-03],[  3.01484048e-01   1.73057323e+02   3.55495412e-02   9.24117219e+00],[  7.51309355e-01   1.60204415e+03   7.02283452e-02   8.61656245e-03],[  3.01484048e-01   1.73057323e+02   3.55495412e-02   9.24117219e+00],[  7.51309355e-01   1.60204415e+03   7.02283452e-02   8.61656245e-03]
[  7.30973188e-01   1.35608923e+03   7.57918255e-02   3.81831873e-02],[  7.30973188e-01   1.35608923e+03   7.57918255e-02   3.81831873e-02],[  3.60268175e-01   2.20296037e+02   4.38290385e-02   1.32124357e+01],[  7.30973188e-01   1.35608923e+03   7.57918255e-02   3.81831873e-02],[  3.60268175e-01   2.20296037e+02   4.38290385e-02   1.32124357e+01],[  7.24635094e-01   1.25904249e+03   6.85195820e-02   1.07366032e-01]
[  7.63349296e-01   1.66384436e+03   1.01900863e-01   5.31449828e-03],[  7.63349296e-01   1.66384436e+03   1.01900863e-01   5.31449828e-03],[  2.97674102e-01   1.60649476e+02   2.91965252e-02   9.19743773e+00],[  7.63349296e-01   1.66384436e+03   1.01900863e-01   5.31449828e-03],[  2.97674102e-01   1.60649476e+02   2.91965252e-02   9.19743773e+00],[  7.51234128e-01   1.45809753e+03   8.86656796e-02   6.98454826e-02]
